,CODIGO DA ENTIDADE,NUMERO DE PARTICIPANTES,CODESC,NOMEESC
0,35439642,10,35439642,DOM BOSCO SANTO ANDRE UNIDADE III COLEGIO
1,35125908,10,35125908,PAULO DE TARSO COLEGIO
2,35159359,10,35159359,ANDRADE INSTITUTO EDUCACIONAL
3,35134120,10,35134120,CALIFORNIA JUNIOR COLEGIO
4,35176597,10,35176597,ADVENTUS COLEGIO
5,35812912,10,35812912,CRIACAO COLEGIO
6,35133942,10,35133942,GUARULHOS COLEGIO INTEGRADO
7,35139622,10,35139622,RUI BARBOSA COLEGIO
8,35812031,10,35812031,VIVARE COLEGIO
9,35173666,10,35173666,POLIEDRO COLEGIO
10,35119611,10,35119611,HARMONIA COLEGIO
11,35119660,10,35119660,PRESTES MAIA INSTITUTO EDUCACIONAL
12,35133152,10,35133152,COSTA ZAVAGLI COLEGIO
13,35120509,10,35120509,EUCLYDES DA CUNHA COLEGIO
14,35122956,10,35122956,COOPERATIVISTA DE POA COLEGIO
15,35119210,10,35119210,MANOEL MARCONDES GALVAO UNIDADE II
16,35105824,10,35105824,JEAN PIAGET COLEGIO
17,35158823,10,35158823,FUTURO ESCOLA DO
18,35153692,10,35153692,ARCADIA COLEGIO
19,35440310,10,35440310,ALEXANDRE DUMAS COMPLEXO EDUCACIONAL
20,35801458,10,35801458,FUTURA COLEGIO
21,35103512,10,35103512,ASSUNCAO COLEGIO EIEFM
22,35004510,10,35004510,TEOTONIO ALVES PEREIRA
23,35101795,10,35101795,BRASIL COLEGIO
24,35142505,10,35142505,MARCO ZERO COLEGIO
25,35101990,10,35101990,NOSSA SENHORA DO SAGRADO CORACAO COLEGIO
26,35100161,10,35100161,CENTENARIO COLEGIO
27,35807825,10,35807825,SHANGRI LA COLEGIO
28,35157478,10,35157478,AUGUSTO SILVA COLEGIO
29,35155299,10,35155299,SANTA RITA COLEGIO
30,35141501,11,35141501,VISCONDE DE ITABORAI COLEGIO
31,35162826,11,35162826,CULTURA COLEGIO
32,35152195,11,35152195,ALMA MATER COLEGIO
33,35128120,11,35128120,GRAN LEONE COLEGIO
34,35151191,11,35151191,PASSO SEGURO COLEGIO
35,35133565,11,35133565,BRASIL JOVEM COLEGIO
36,35161913,11,35161913,CETS COLEGIO
37,35154854,11,35154854,GENESE COLEGIO
38,35142700,11,35142700,BRASILIENSE COLEGIO
39,35161317,11,35161317,ITAQUERA COLEGIO
40,35134569,11,35134569,ALIADO COLEGIO UNIDADE JOAO PAULO II
41,35136396,11,35136396,ANTOINE DE SAINT EXUPERY COLEGIO
42,35138988,11,35138988,SAO DOMINGOS SAVIO COLEGIO
43,35140200,11,35140200,MOSAICO COLEGIO
44,35150733,11,35150733,SANTA MARIA DE NAZARE COLEGIO UNIDADE I
45,35165967,11,35165967,CORACAO DE MARIA INSTITUTO EDUCACIONAL
46,35153187,11,35153187,ABC COLEGIO
47,35166406,11,35166406,SANTA ISABEL COLEGIO
48,35805567,11,35805567,SAINT GERMAIN COLEGIO
49,35369226,11,35369226,CASTANHEIRAS ESCOLA
50,35807503,11,35807503,ARTUR FERREIRA COLEGIO EF E PRE ESCOLA CONCHINHA
51,35803259,11,35803259,TALES DE MILETO COLEGIO
52,35299625,11,35299625,JULIO BOTELHO COLEGIO
53,35102350,11,35102350,SANTA INES COLEGIO
54,35218112,11,35218112,MANOEL JACOB CREMM COLEGIO MUNICIPAL
55,35105065,11,35105065,SAO PAULO COLEGIO METROPOLITANO
56,35105910,11,35105910,NOSSA SENHORA DO MORUMBI COLEGIO
57,35192223,11,35192223,REFLEXAO COLEGIO
58,35106367,11,35106367,INTERNACIONAL ITALO BRASILEIRO COLEGIO
59,35106999,11,35106999,SAO BENTO COLEGIO
60,35192211,11,35192211,24 DE MAIO COLEGIO
61,35179887,11,35179887,ALLAN KARDEC EDUCANDARIO
62,35179383,11,35179383,SENTIDO OBRIGATORIO COLEGIO
63,35152511,11,35152511,SALMISTA COLEGIO
64,35119684,11,35119684,AURORA ESCOLA
65,35118679,11,35118679,SAO FRANCISCO DE PAULA COLEGIO
66,35174178,11,35174178,RICARO COLEGIO UNIDADE II
67,35118758,11,35118758,DOMINANTE COLEGIO
68,35171487,11,35171487,NOVO ESPACO COLEGIO
69,35170636,11,35170636,4 DE JULHO COLEGIO
70,35124400,12,35124400,DOM BOSCO LIMAO COLEGIO
71,35131738,12,35131738,JOAO PAULO I COLEGIO
72,35150289,12,35150289,ITAQUA COLEGIO
73,35063332,12,35063332,LICEU JOSE DE ALENCAR
74,35150253,12,35150253,RENASCER COLEGIO
75,35103330,12,35103330,CASA PIA SAO VICENTE DE PAULO EXTERNATO
76,35108054,12,35108054,MAIRIPORA INSTITUTO ENSINO FUNDAMENTAL E MEDIO
77,35103408,12,35103408,JOSE BONIFACIO EXTERNATO
78,35800971,12,35800971,PUERI PAX COLEGIO
79,35108112,12,35108112,AUGUSTO RUSCHI COLEGIO
80,35124515,12,35124515,PRESBITERIANO INDEPENDENTE INSTITUTO DE ENSINO
81,35136918,12,35136918,JARDIM ANALIA FRANCO COLEGIO
82,35136566,12,35136566,MATER ET MAGISTRA CENTRO EDUCACIONAL VIVENCIAL
83,35150162,12,35150162,SAO JOAO BATISTA COLEGIO
84,35121952,12,35121952,CASTRO ALVES CENTRO EDUCACIONAL
85,35806304,12,35806304,PRINCIPIO DAS ARTES COLEGIO
86,35167459,12,35167459,VIP COLEGIO UNIDADE IMIRIM
87,35165359,12,35165359,DAVINA GASPARINI COLEGIO
88,35158550,12,35158550,AGNUS COLEGIO
89,35185760,12,35185760,SOUZA GOUVEIA COLEGIO
90,35191711,12,35191711,EVANGELICO ORACULO COLEGIO
91,35164732,12,35164732,LUZ COLEGIO EVANGELICO
92,35256869,12,35256869,PAPA MIKE COLEGIO UNIDADE I
93,35154684,12,35154684,TEMA COLEGIO
94,35001797,12,35001797,BRISABELLA ALMEIDA NOBRE PROFESSORA
95,35169882,12,35169882,COOPERATIVA EDUC E CULT DE S BERNARDO DO CAMPO
96,35299984,12,35299984,SOTER COLEGIO
97,35159244,12,35159244,UNIVERSAL STAR COLEGIO
98,35304049,12,35304049,AUTENTICO COLEGIO
99,35158549,12,35158549,ORION EDUCACIONAL
100,35370836,12,35370836,SAMARAH INSTITUTO EDUCACIONAL
101,35161949,13,35161949,SAO GONCALO INSTITUTO DE EDUCACAO
102,35159177,13,35159177,SIDARTA COLEGIO
103,35130916,13,35130916,BRASILIA DE DIADEMA COLEGIO
104,35138265,13,35138265,SAO PAULO EXTERNATO
105,35810228,13,35810228,NACOES INSTITUTO EDUCACIONAL
106,35133723,13,35133723,ELEVACAO COLEGIO TECNICO
107,35132044,13,35132044,MOGIANO ACADEMICO COLEGIO
108,35108509,13,35108509,JULIO VERNE CENTRO DE ESTUDOS
109,35007648,13,35007648,MARILENE DE OLIVEIRA ACETTO PROFESSORA
110,35174087,13,35174087,CARITAS ESCOLA
111,35198959,13,35198959,OCTAGON COLEGIO
112,35800089,13,35800089,NOSSA SENHORA DAS GRACAS INSTITUTO EDUCACIONAL COLEGIO
113,35287600,13,35287600,ANGLO - LEONARDO DA VINCI COLEGIO
114,35296016,13,35296016,ALFA OMEGA COLEGIO
115,35102027,13,35102027,ANTARES COLEGIO
116,35101667,13,35101667,PARQUE SEVILHA COLEGIO
117,35101096,13,35101096,LUIZ TEZZA PADRE COLEGIO
118,35100298,13,35100298,ORLANDO GARCIA DA SILVEIRA COLEGIO
119,35325983,13,35325983,TALES DE MILETO COLEGIO
120,35121551,13,35121551,NOGUEIRA E SONHO DE CRIANCA COLEGIO
121,35159165,13,35159165,ESPACO VERDE ROUSSEAU COLEGIO
122,35139051,13,35139051,PROGRESSO COLEGIO EDUCACIONAL
123,35151725,13,35151725,CAVLAC COLEGIO
124,35004625,13,35004625,MARIA RIBEIRO GUIMARAES BUENO PROFESSORA
125,35151907,13,35151907,AMERICO FRANCO INSTITUTO EDUCACIONAL
126,35105302,14,35105302,JOANA D ARC COLEGIO
127,35809287,14,35809287,RANIERI COLEGIO
128,35107165,14,35107165,PIONEIRO CENTRO EDUCACIONAL
129,35107189,14,35107189,BILAC COLEGIO
130,35131623,14,35131623,JEAN PIAGET COLEGIO
131,35142281,14,35142281,PUERI DOMUS ESCOLA EXPERIMENTAL
132,35153285,14,35153285,COMUNIDADE COLEGIO DA
133,35165335,14,35165335,LECTUS COLEGIO
134,35117912,14,35117912,HELIO DE SOUZA COLEGIO
135,35176229,14,35176229,ZELINDA PIFFER BANHE CENTRO EDUCACIONAL
136,35144307,14,35144307,RICARDO RODRIGUES ALVES COLEGIO
137,35143406,14,35143406,AUGUSTO LARANJA COLEGIO UNIDADE I
138,35124503,14,35124503,DOM MACARIO SCHMITT COLEGIO
139,35120029,14,35120029,EMILIA FERREIRO COLEGIO
140,35133176,14,35133176,PADUA COLEGIO
141,35800090,14,35800090,MANUEL BANDEIRA POETA COLEGIO
142,35105077,14,35105077,SANTA CATARINA DE SENA COLEGIO EEIFM
143,35003554,14,35003554,MAURO DE OLIVEIRA PROFESSOR
144,35446725,14,35446725,LEONARDO DA VINCI COLEGIO ANGLO
145,35802360,14,35802360,OBJETIVO SUZANO UNIDADE DE ENSINO MEDIO COLEGIO
146,35138253,14,35138253,SANTA JOANA D ARC INSTITUTO EDUCACIONAL UNIDADE I
147,35138198,14,35138198,HORTO FLORESTAL EXTERNATO EEIFM
148,35135720,14,35135720,PORTO MARCHESANO COLEGIO
149,35135471,14,35135471,PIONNEIRO ESCOLA NORTE
150,35159554,14,35159554,VARGEM GRANDE PAULISTA ESCOLA COOPERATIVA DE
151,35153953,14,35153953,IEDA PICON INSTITUTO
152,35161007,14,35161007,LUX DEI COLEGIO
153,35288573,14,35288573,CANDELARIA INSTITUTO EDUCACIONAL
154,35141297,14,35141297,CIDADE CANCAO COLEGIO
155,35802050,14,35802050,MUNDO ATUAL COLEGIO
156,35168531,14,35168531,SAO JUDAS TADEU EXTERNATO UNIDADE III
157,35809512,15,35809512,VIVENDO E APRENDENDO COLEGIO
158,35103834,15,35103834,OFELIA FONSECA COLEGIO
159,35299686,15,35299686,BELO FUTURO INTERNACIONAL COLEGIO
160,35144373,15,35144373,PAINEIRA CENTRO EDUCACIONAL
161,35101564,15,35101564,SANTA MARIA ESCOLA
162,35100183,15,35100183,LICEU CARVALHO PINTO EIFM
163,35809883,15,35809883,TERRA NOVA COLEGIO
164,35168828,15,35168828,ISAAC NEWTON ESCOLA UNIDADE II
165,35107529,15,35107529,SAO LUIZ DE GONZAGA COLEGIO
166,35115307,15,35115307,DOMUS VIVENDI COLEGIO
167,35141331,15,35141331,CRISTOVAO COLOMBO COLEGIO
168,35132056,15,35132056,ESTRUTURAL COLEGIO
169,35138216,15,35138216,SIGMUND FREUD COLEGIO
170,35137066,15,35137066,SERGIO BUARQUE DE HOLANDA COLEGIO
171,35133462,15,35133462,PAULISTA DE EDUCACAO BASICA ESCOLA
172,35166397,15,35166397,INTERATE COLEGIO
173,35164082,15,35164082,ESPERANTO COLEGIO
174,35166832,15,35166832,FILADELFIA INSTITUTO EDUCACAO CULTURAL
175,35124291,15,35124291,MARAJOARA COLEGIO
176,35007031,15,35007031,EUSTAQUIO PADRE
177,35162152,15,35162152,ZANINI COLEGIO
178,35141264,15,35141264,DOMINUS VIVENDI COLEGIO EIFM
179,35156541,16,35156541,APRENDIZ DO FUTURO COLEGIO
180,35140824,16,35140824,ELITE EDUCANDARIO
181,35158197,16,35158197,GUSTAVO AMARAL COLEGIO
182,35468344,16,35468344,FENIX UNIDADE III COLEGIO
183,35197397,16,35197397,ADONAI COLEGIO
184,35187185,16,35187185,VITTA VIVACE COLEGIO UNIDADE II
185,35481105,16,35481105,POLICIA MILITAR COLEGIO DA
186,35809305,16,35809305,CONQUISTA COLEGIO
187,35102088,16,35102088,VILA MATILDE ESCOLA ADVENTISTA DE
188,35107335,16,35107335,NOSSA SENHORA DAS MERCES COLEGIO MERCEDARIO
189,35154908,16,35154908,DESAFIO CENTRO EDUCACIONAL
190,35150228,16,35150228,PARQUE CONTINENTAL EXTERNATO
191,35131490,16,35131490,MADRE IVA COLEGIO
192,35109061,16,35109061,BRASILIA COLEGIO
193,35100024,16,35100024,PADRE GIORDANO COLEGIO
194,35123547,16,35123547,MONTEIRO LOBATO ESCOLA
195,35155196,16,35155196,VINICIUS DE MORAES COLEGIO
196,35120017,16,35120017,ALEXANDRE DE GUSMAO ESCOLA
197,35144150,16,35144150,SION COLEGIO
198,35125349,16,35125349,ARCO IRIS ENCANTADO EEI E EF
199,35805701,16,35805701,PALMYRA TAGLIARI EXTERNATO
200,35807618,16,35807618,PORTAL DO FUTURO COLEGIO
201,35173150,16,35173150,PADIAL COLEGIO
202,35173685,16,35173685,MARTINS PENNA COLEGIO
203,35103263,17,35103263,CORACAO DE JESUS LICEU
204,35299327,17,35299327,TOM JOBIM COLEGIO MUNICIPAL
205,35153497,17,35153497,MIGUEL COLEGIO
206,35101916,17,35101916,ISLAMICA BRASILEIRA ESCOLA
207,35044891,17,35044891,BAIRRO DAS PALMEIRAS
208,35806298,17,35806298,SANTO ANDRE COLEGIO
209,35101148,17,35101148,PASSIONISTA SANTA GEMA COLEGIO
210,35065134,17,35065134,SAGRADA FAMILIA INSTITUTO
211,35139191,17,35139191,VIVA VIDA COLEGIO
212,35152523,17,35152523,RAPOSO TAVARES COLEGIO
213,35335733,17,35335733,FARAOS COLEGIO
214,35805452,17,35805452,SCARANNE COLEGIO
215,35139099,17,35139099,TERRA COLEGIO
216,35155111,17,35155111,SILOGEU COLEGIO
217,35108613,17,35108613,BARAO DE MAUA COLEGIO
218,35133735,17,35133735,SENADOR FLAQUER COLEGIO
219,35923795,17,35923795,CELIA RIBEIRO LANDIM PROFA
220,35144824,17,35144824,DISCERE LABORATUM COLEGIO
221,35115642,17,35115642,LEBISTE COLEGIO
222,35004157,17,35004157,ALBERTO TORRES
223,35139142,17,35139142,MANOEL DA NOBREGA IEMANO INSTITUTO EDUCACIONAL
224,35118936,17,35118936,HORIZONTES UIRAPURU COLEGIO
225,35218085,17,35218085,MARIA FERNANDES MACHADO DE OLIVEIRA COLEGIO MUNICIPAL
226,35104887,17,35104887,HUGO SARMENTO COLEGIO EFM
227,35125179,18,35125179,SANTA RITA COLEGIO
228,35118412,18,35118412,NOVA ESCOLA
229,35044945,18,35044945,JOSE CARLOS DA SILVA JUNIOR
230,35152900,18,35152900,COLISEU COLEGIO
231,35157132,18,35157132,EVOLUCAO COLEGIO
232,35153084,18,35153084,EDUCANDARIO DOS ANJOS
233,35036213,18,35036213,PERCIO PUCCINI PROFESSOR
234,35144204,18,35144204,MARIO SCHENBERG COLEGIO
235,35161412,18,35161412,LEILA GUEDES COLEGIO
236,35126640,18,35126640,LUTERANO INSTITUTO EDUCACIONAL
237,35152754,18,35152754,NOVO RUMO COLEGIO
238,35132160,18,35132160,ADVENTISTA SAO CAETANO DO SUL COLEGIO
239,35140363,18,35140363,CENTRO INTERESCOLAR OBJETIVO UNIDADE MORUMBI
240,35107128,18,35107128,DIVINA PASTORA INSTITUTO
241,35153643,18,35153643,LEOPOLDO BRENTANO COLEGIO
242,35197048,18,35197048,ADVENTISTA DE EMBU DAS ARTES COLEGIO
243,35800193,18,35800193,HEITOR GARCIA COLEGIO UNIDADE II
244,35161950,18,35161950,IPE COLEGIO
245,35299182,18,35299182,MILLENIUM CONSTRUTIVO COLEGIO
246,35160763,18,35160763,BATISTA BIBLICO INSTITUTO EDUCACIONAL
247,35100080,18,35100080,SESI 069 CENTRO EDUCACIONAL
248,35153278,18,35153278,INTERVIVA COLEGIO
249,35109198,18,35109198,SAGRADA FAMILIA INSTITUTO DE ENSINO
250,35810575,18,35810575,NOVA GERACAO COLEGIO
251,35922924,19,35922924,MARCO ANTONIO PRUDENTE DE TOLEDO PROFESSOR
252,35126895,19,35126895,ELYTE INSTITUTO EDUCACIONAL
253,35185437,19,35185437,SENA DE MIRANDA COLEGIO UNIDADE II
254,35119520,19,35119520,SOBEN CENTRO EDUCACIONAL
255,35142864,19,35142864,FUTURO COLEGIO
256,35101761,19,35101761,SESI 329 CENTRO EDUCACIONAL
257,35105429,19,35105429,PORTO UNIAO COLEGIO
258,35108194,19,35108194,VIRGO POTENS COLEGIO
259,35144125,19,35144125,CARLOS DRUMOND DE ANDRADE COLEGIO
260,35165323,19,35165323,SAO JOSE CENTRO DE ENSINO
261,35144733,19,35144733,PRISMA COLEGIO I
262,35154817,19,35154817,THOMAZ TREGLIA COLEGIO
263,35173174,19,35173174,EVOLUCAO COLEGIO
264,35133541,19,35133541,LIMA GUIMARAES K COLEGIO
265,35468400,19,35468400,CARBONELL COLEGIO
266,35140326,19,35140326,PARADIGMA ESCOLA ED INFANTIL E ENSINO FUNDAMENTAL E MEDIO
267,35451411,19,35451411,SAA INSTITUTO DE EDUCACAO
268,35153114,19,35153114,T C A COLEGIO
269,35135562,19,35135562,SANTA BARBARA COLEGIO
270,35438170,19,35438170,AFAM COLEGIO UNIDADE SAO MIGUEL
271,35290762,19,35290762,SAO MARCOS COLEGIO ENSINO MEDIO
272,35140788,19,35140788,SANTA ISABEL COLEGIO
273,35161287,20,35161287,DOM FELIPE COLEGIO
274,35101679,20,35101679,CASTRO ALVES COLEGIO
275,35470259,20,35470259,MAIA COLEGIO
276,35042006,20,35042006,JUAREZ TAVORA MARECHAL
277,35142360,20,35142360,ALMEIDA GASPARIN COLEGIO
278,35107414,20,35107414,PASTEUR LICEU
279,35108455,20,35108455,SESI 174 CENTRO EDUCACIONAL
280,35102039,20,35102039,OLIVETANO COLEGIO
281,35159232,20,35159232,EBENEZER INSTITUTO DE ENSINO
282,35153503,20,35153503,SAO FRANCISCO COLEGIO
283,35123560,20,35123560,EL SHADAI COLEGIO
284,35435818,20,35435818,RAMA II COLEGIO
285,35010571,20,35010571,JOSE BARRETO PROFESSOR
286,35175043,20,35175043,DIALOG INSTITUTO DE ENSINO
287,35124709,20,35124709,ANNA TAVARES COLEGIO EIEPG
288,35135525,20,35135525,FLORESTA COLEGIO
289,35109046,20,35109046,BARAO DE MAUA INSTITUTO DE ENSINO
290,35102167,20,35102167,SESI 074 CENTRO EDUCACIONAL
291,35150551,20,35150551,VINICIUS DE MORAES COLEGIO CVM
292,35141768,20,35141768,PRELUDIO INSTITUTO EDUCACIONAL
293,35135550,20,35135550,CARLOS BRUNETTI COLEGIO
294,35185449,20,35185449,META LUX COLEGIO
295,35170975,20,35170975,EDUCARE COLEGIO
296,35301279,20,35301279,ANGLO LEONARDO DA VINCI COLEGIO
297,35118977,20,35118977,PRIGULE COLEGIO
298,35449748,20,35449748,COSTA AGUIAR COLEGIO
299,35119118,21,35119118,SAO PAULO COLEGIO
300,35176734,21,35176734,FIDENS COLEGIO
301,35914794,21,35914794,EURICO DA SILVA BASTOS DOUTOR PROFESSOR
302,35144770,21,35144770,UNIAO ESCOLA DE ENSINO BASICO
303,35151836,21,35151836,SENIOR COLEGIO
304,35142529,21,35142529,BATISTA DA PENHA COLEGIO
305,35140314,21,35140314,EAG EAG COLEGIO TECNICO
306,35176205,21,35176205,EGO ESCOLA
307,35307592,21,35307592,SOLUCAO MASTER COLEGIO
308,35480289,21,35480289,CANTAREIRA ENSINO MEDIO COLEGIO UNIDADE II
309,35154441,21,35154441,ALIADO COLEGIO UNIDADE CLUBE GUAPIRA
310,35170458,21,35170458,AUGUSTO HELOI COLEGIO
311,35132329,21,35132329,ECO COLEGIO
312,35108996,21,35108996,LEONOR MENDES DE BARROS DONA COLEGIO
313,35154337,22,35154337,BRIDA COLEGIO
314,35105028,22,35105028,CRISTO REI COLEGIO
315,35921105,22,35921105,AYRTON SENNA DA SILVA
316,35134788,22,35134788,PUERI DOMUS ESCOLA ITAIM UNIDADE II
317,35100444,22,35100444,LUIZA DE MARILLAC COLEGIO
318,35102489,22,35102489,FLAMINGO COLEGIO
319,35124436,22,35124436,EMILIA MARINHO COLEGIO
320,35100900,22,35100900,NOSSA SENHORA DO CARMO EDUCANDARIO
321,35131064,22,35131064,JEAN PIAGET CENTRO EDUCACIONAL
322,35108066,22,35108066,SESI 129 CENTRO EDUCACIONAL
323,35109289,22,35109289,GRANJA VIANA ESCOLA
324,35467789,22,35467789,PHOENIX COLEGIO
325,35419576,22,35419576,CENTRO EDUCACIONAL SESI 433
326,35132986,22,35132986,LUMIERE COLEGIO
327,35008175,22,35008175,NADIR LESSA TOGNINI PROFESSORA
328,35140181,22,35140181,TERESA DE CALCUTA ESCOLA DE 1 GRAU
329,35137650,22,35137650,SAO CARLOS CENTRO EDUCACIONAL
330,35296004,22,35296004,D AMBROSIO INSTITUTO EDUCACIONAL
331,35175493,22,35175493,DELIBERATO CENTRO EDUCACIONAL
332,35368441,22,35368441,PRESCILA BONIFIGLIO GIANNINI COLEGIO
333,35805661,22,35805661,PLENITUDE COLEGIO
334,35902366,22,35902366,BAIRRO DO ITAIM
335,35038428,23,35038428,ERVIN HORVATH DOUTOR
336,35103123,23,35103123,EMECE INTERNACIONAL COLEGIO
337,35103248,23,35103248,CLARETIANO DE SAO PAULO COLEGIO
338,35170409,23,35170409,DIADEMA CENTRO EDUCACIONAL DE
339,35143029,23,35143029,BATISTA DE ITAPEVI ESCOLA
340,35144186,23,35144186,ITACA COLEGIO
341,35165098,23,35165098,SAN MARCOS COLEGIO
342,35924039,23,35924039,CLAUDINEI GARCIA PROFESSOR
343,35005630,23,35005630,WALTHER WEISZFLOG
344,35207676,23,35207676,EMEFM ANTONIO SAMPAIO VER
345,35139208,23,35139208,ATENEU DE SAO CAETANO DO SUL COLEGIO UNIDADE III
346,35107402,23,35107402,SANTA AMALIA COLEGIO
347,35133498,23,35133498,24 DE MARCO COLEGIO UNIDADE I
348,35802578,23,35802578,COLEGIO ARBOS EIEFEM UNIDADE IV
349,35006476,23,35006476,AMADEU RODRIGUES NORTE
350,35153771,23,35153771,BRASILEIRA ESCOLA DE EDUCACAO
351,35171189,23,35171189,HEITOR VILLA LOBOS COLEGIO
352,35103780,23,35103780,RENASCENCA HEBRAICO BRASILEIRO COLEGIO UNIDADE II
353,35137157,23,35137157,DIMENSAO COLEGIO
354,35153631,23,35153631,NOVO DINAMICO INSTITUTO DE ENSINO
355,35108078,23,35108078,SESI 398 CENTRO EDUCACIONAL
356,35174920,23,35174920,ALCANCE COLEGIO
357,35290993,24,35290993,MONFORTE COLEGIO
358,35809688,24,35809688,ALIADO COLEGIO UNIDADE JARDIM JAPAO
359,35395754,24,35395754,POLICIA MILITAR COLEGIO DA UNIDADE SANTO ANDRE
360,35140831,24,35140831,FARIAS BRITO COLEGIO
361,35127991,24,35127991,BEIT YAACOV ESCOLA
362,35810794,24,35810794,INTEGRACAO COLEGIO
363,35136759,24,35136759,EL SHADAI CENTRO EDUCACIONAL
364,35144216,24,35144216,T PARTHENON COLEGIO UNIDADE II
365,35133115,24,35133115,T PARTHENON COLEGIO UNIDADE I
366,35007882,24,35007882,LEICO AKAISHI PROFESSORA
367,35156231,24,35156231,SAINT CLAIR COLEGIO
368,35048148,24,35048148,ELIAS ALVES DA COSTA BACHAREL
369,35179848,24,35179848,PRELUDIO COLEGIO
370,35101333,24,35101333,NOSSA SENHORA AUXILIADORA INSTITUTO
371,35108418,24,35108418,SESI 175 CENTRO EDUCACIONAL
372,35109162,24,35109162,EXTERNATO SANTO ANTONIO
373,35135094,24,35135094,BRASILIS COLEGIO
374,35100171,25,35100171,NOSSA SENHORA DAS DORES COLEGIO
375,35802839,25,35802839,ARBOS COLEGIO UNIDADE MARECHAL DEODORO
376,35107700,25,35107700,ELVIRA BRANDAO COLEGIO
377,35150373,25,35150373,PARAISO COLEGIO
378,35141446,25,35141446,SANTA RITA DE CASSIA EDUCANDARIO
379,35106800,25,35106800,LUTERANO COLEGIO SAO PAULO
380,35153801,25,35153801,MAHA DEI DE ESCOLA DESENVOLVIMENTO E EDUCACAO
381,35124175,25,35124175,GIORDANO BRUNO COLEGIO
382,35140934,25,35140934,DIADEMA COLEGIO INTEGRADO
383,35003918,25,35003918,ARISTIDES DE CASTRO
384,35151798,25,35151798,UNISUZ COLEGIO
385,35008576,25,35008576,ADAMASTOR DE CARVALHO PROFESSOR
386,35186697,25,35186697,RIBEIRAO PIRES DE ENSINO MEDIO CENTRO EDUCACIONAL
387,35165268,25,35165268,ESTRELA DA MANHA COLEGIO
388,35119222,25,35119222,NOVO HORIZONTE COLEGIO
389,35101539,25,35101539,SANTA CRUZ LICEU
390,35172856,25,35172856,APOLLO COLEGIO
391,35101813,25,35101813,SAO FRANCISCO DE ASSIS COLEGIO
392,35429168,26,35429168,JOAO FRIAZA COLEGIO
393,35154775,26,35154775,VILLARE COLEGIO
394,35368015,26,35368015,MELLO DANTE COLEGIO ENSINO MEDIO
395,35154283,26,35154283,SESI 426 CENTRO EDUCACIONAL
396,35104334,26,35104334,MATER DEI COLEGIO
397,35107924,26,35107924,ELIAS ZARZUR COLEGIO
398,35314785,26,35314785,DOM BOSCO UNIDADE II COLEGIO
399,35141159,26,35141159,POLIS COLEGIO PG E PRE ESCOLA
400,35168853,26,35168853,MONTE VIRGEM COLEGIO
401,35006695,26,35006695,GABRIEL PEREIRA
402,35165621,26,35165621,XV DE NOVEMBRO COLEGIO INTEGRADO
403,35445630,26,35445630,PAULISTA COLEGIO TECNICO
404,35137078,26,35137078,ANALISE COLEGIO UNIDADE I
405,35140132,26,35140132,PROGRESSO COLEGIO
406,35001661,27,35001661,MMDC
407,35141495,27,35141495,SAO JOSE COLEGIO
408,35153564,27,35153564,CHACARA A PIMENTINHA E COLEGIO MEIRELLES LEME EIFM
409,35805048,27,35805048,ATHENEU COLEGIO
410,35101722,27,35101722,NOSSA SENHORA MENINA EXTERNATO
411,35008126,27,35008126,PAULO VI PAPA
412,35108832,27,35108832,SESI 094 CENTRO EDUCACIONAL
413,35002434,27,35002434,JAMIL PEDRO SAWAYA PROF
414,35144034,27,35144034,GIBRAN KHALIL GIBRAN COLEGIO
415,35144459,27,35144459,CASAGRANDE COLEGIO
416,35139774,27,35139774,ISAAC NEWTON ESCOLA
417,35144241,27,35144241,NOVA ERA COLEGIO
418,35004236,27,35004236,PEDRO FONSECA PROFESSOR
419,35163326,27,35163326,INTEGRACAO COLEGIO
420,35102787,27,35102787,NOTRE DAME COLEGIO
421,35141483,28,35141483,MESQUITA COLEGIO
422,35142888,28,35142888,SIQUEIRA CEZAR COLEGIO
423,35902020,28,35902020,LUIS DOS SANTOS METALURGICO
424,35152785,28,35152785,SESI 427 CENTRO EDUCACIONAL
425,35904697,28,35904697,DELCIO DE SOUZA CUNHA PROFESSOR
426,35118242,28,35118242,STAGIUM INSTITUTO EDUCACIONAL
427,35480691,28,35480691,CENTRO EDUCACIONAL SESI 438
428,35108467,28,35108467,SESI 367 CENTRO EDUCACIONAL
429,35102660,28,35102660,SANTO IVO COLEGIO
430,35103494,28,35103494,JOAO E RAPHAELA PASSALACQUA COLEGIO
431,35102180,28,35102180,SOUZA LOPES COLEGIO
432,35100304,28,35100304,SANTA LUCIA FILIPPINI COLEGIO
433,35276182,28,35276182,REINALDO ASCENCIO SANTOS FERREIRA VER COLEGIO MUNICIPAL
434,35042067,28,35042067,MARIA CATHARINA COMINO
435,35803844,28,35803844,HAYA INSTITUTO EDUCACIONAL
436,35917011,28,35917011,FERNAO DIAS PAES LEME
437,35105569,29,35105569,FRIBURGO COLEGIO
438,35101643,29,35101643,NOSSA SENHORA APARECIDA EDUCANDARIO
439,35107438,29,35107438,MARGARIDA MARIA ORGANIZACAO EDUCACIONAL OEMAR
440,35100493,29,35100493,SANTANA COLEGIO EIFM
441,35185061,29,35185061,CETES CENTRO EDUCACIONAL TECNICO SUZANENSE
442,35061591,29,35061591,JARDIM MONTESANO
443,35144721,29,35144721,ALICERCE COLEGIO
444,35108315,29,35108315,SESI 365 CENTRO EDUCACIONAL
445,35109307,29,35109307,ADVENTISTA DE COTIA COLEGIO
446,35102635,29,35102635,ANGELICA COLEGIO EIFM
447,35109010,29,35109010,SAO JOSE COLEGIO
448,35124849,29,35124849,CECI COLEGIO DE ENSINO FUNDAMENTAL E MEDIO
449,35125398,29,35125398,AVICENA COLEGIO
450,35133346,29,35133346,SANTA TEREZA ESCOLA DE EFM
451,35374957,29,35374957,PUERI DOMUS ESCOLA UNIDADE CRESCER SEMPRE
452,35003748,29,35003748,ARCY MAJOR
453,35187537,29,35187537,MONTE CASTELO COLEGIO
454,35163338,30,35163338,AMORIM COLEGIO
455,35407641,30,35407641,TALENTO COLEGIO ENSINO MEDIO
456,35810344,30,35810344,INTEGRADO AMERICANO COLEGIO
457,35142311,30,35142311,CASINHA DO SABER E EXTERNATO ELVIRA RAMOS
458,35140348,30,35140348,SPINOSA COLEGIO UNIDADE II
459,35038647,30,35038647,JOSE GERALDO VIEIRA
460,35173708,30,35173708,INTEGRADO COLEGIO
461,35268586,30,35268586,J R INSTITUTO EDUCACIONAL
462,35268562,30,35268562,OBJETIVO UNIDADE CAIEIRAS DE ENSINO FUND E MEDIO COLEGIO
463,35108303,30,35108303,SESI 113 CENTRO EDUCACIONAL
464,35001685,30,35001685,MARIO CASASSANTA PROFESSOR
465,35119374,30,35119374,COLEGIO CPV
466,35120030,30,35120030,OURO PRETO COLEGIO
467,35155019,30,35155019,RUMO INICIAL COLEGIO
468,35158859,30,35158859,FITO ESCOLA DE EDUCACAO BASICA UNIDADE II
469,35158367,30,35158367,OBJETIVO COLEGIO
470,35155263,30,35155263,ALCANCE COLEGIO
471,35106781,30,35106781,MARIA IMACULADA COLEGIO DR PIERO ROVERSI
472,35106471,30,35106471,JULIO PEREIRA LOPES COLEGIO
473,35135057,30,35135057,EXATO COLEGIO
474,35910193,30,35910193,VERA LUCIA TORRES RODRIGUES AFFONSO PROFESSORA
475,35009416,30,35009416,LAURA LOPES
476,35101989,30,35101989,NOSSA SENHORA SAGRADO CORACAO EXTERNATO
477,35158525,30,35158525,CERIMAR COLEGIO
478,35108637,31,35108637,NERINA ADELFA UGLIENGO ESCOLA
479,35141773,31,35141773,COLEGIO GUARARAPES EIEFEM E TECNICO
480,35008382,31,35008382,JOSE CALVITTI FILHO PROFESSOR
481,35100043,31,35100043,ESTRELA SIRIUS COLEGIO
482,35140806,31,35140806,CANADA COLEGIO
483,35100328,31,35100328,WELLINGTON CENTRO DE ENSINO INTEGRADO
484,35100365,31,35100365,SESI 388 CENTRO EDUCACIONAL
485,35118667,31,35118667,NOBILIS COLEGIO
486,35143595,31,35143595,GIUSTO ZONZINI COLEGIO
487,35809559,31,35809559,UNICULTURA COLEGIO
488,35809724,31,35809724,AUGUSTO FREITAS CENTRO EDUCACIONAL
489,35124459,31,35124459,SATELITE COLEGIO
490,35150548,32,35150548,METODO COLEGIO
491,35143571,32,35143571,NICOLAU KERPEN COLEGIO
492,35046516,32,35046516,ISMAEL DA SILVA JUNIOR PROFESSOR
493,35118850,32,35118850,CIDADE NATUREZA INSTITUTO DE ENSINO OBJETIVO
494,35119593,32,35119593,SUZANO COLEGIO
495,35470582,32,35470582,STAGIO III COLEGIO
496,35809184,32,35809184,SAO RAPHAEL COLEGIO
497,35250348,32,35250348,GUARULHOS COLEGIO
498,35010397,32,35010397,VICENTE THEMUDO LESSA PROFESSOR
499,35100468,32,35100468,SAA COLEGIO
500,35910200,32,35910200,FARID EID
501,35107219,32,35107219,REGINA MUNDI COLEGIO
502,35003426,32,35003426,CANUTO DO VAL
503,35813936,32,35813936,ABSOLUTO COLEGIO
504,35134673,32,35134673,ADVENTISTA DE VILA ALPINA COLEGIO
505,35000711,32,35000711,NARBAL FONTES PROFESSORA
506,35119039,32,35119039,ROSA MARIA CASTANHO CENTRO DE EDUCACAO CERMAC
507,35121721,32,35121721,MORUMBI DE ALPHAVILLE ESCOLA DE ENSINO FUNDAMENTAL
508,35137947,32,35137947,SENEMBY COLEGIO ENSINO FUNDAMENTAL E MEDIO
509,35105041,32,35105041,MARIA IMACULADA COLEGIO EEIFM
510,35161299,32,35161299,PAULISTA INSTITUICAO DE ENSINO
511,35132238,33,35132238,RADIAL COLEGIO VOCACIONAL
512,35108736,33,35108736,ETIP MASTER CENTRO EDUCACIONAL
513,35155287,33,35155287,GRAJAU COLEGIO
514,35189443,33,35189443,MORALES LOPES COLEGIO
515,35108510,33,35108510,SESI 376 CENTRO EDUCACIONAL
516,35103697,33,35103697,NOSSA SENHORA DE SION COLEGIO
517,35157879,33,35157879,SESI 425 CENTRO EDUCACIONAL
518,35108339,33,35108339,SANTA MONICA COLEGIO
519,35810307,33,35810307,BEKA COLEGIO UNIDADE III
520,35124795,33,35124795,MORUMBI SUL COLEGIO
521,35101965,33,35101965,ALVORADA COLEGIO
522,35921051,33,35921051,MARIA ISABEL NEVES BASTOS PROFA
523,35124448,33,35124448,PASCHOAL DANTAS COLEGIO
524,35107906,33,35107906,ALBERT EINSTEIN COLEGIO
525,35134132,33,35134132,DAS AMERICAS COLEGIO
526,35104644,33,35104644,STELLA MARIS COLEGIO SOC INSTRUCAO E BENEFICENCIA
527,35124576,33,35124576,TERRAMAR COLEGIO
528,35156565,34,35156565,PRO SABER BIO COLEGIO
529,35139221,34,35139221,DECISAO COLEGIO
530,35131805,34,35131805,CAMPOS SALLES COLEGIO UNIDADE II
531,35035725,34,35035725,MARIA HILDA ORNELAS DE OLIVEIRA PROFESSORA
532,35805683,34,35805683,DAVILON COLEGIO
533,35159897,34,35159897,MANOEL MORATTO COLEGIO
534,35125817,34,35125817,OPCAO ESCOLA UNIDADE II
535,35107499,34,35107499,JESUS MARIA JOSE COLEGIO
536,35100353,34,35100353,ADVENTISTA DE VILA NOVA CACHOEIRINHA COLEGIO
537,35008148,34,35008148,CARLOS DE CAMPOS DOUTOR
538,35137085,34,35137085,UNIAO BRASILEIRA COLEGIO
539,35100031,34,35100031,SAO JOAO GUALBERTO COLEGIO
540,35060574,34,35060574,CONDE DOMINGOS COLEGIO
541,35105971,34,35105971,ANHEMBI MORUMBI COLEGIO
542,35240916,34,35240916,RICARDA DOS SANTOS BRANCO PROFA COLEGIO MUNICIPAL
543,35102490,34,35102490,PAULA MONTALT MADRE COLEGIO
544,35805063,34,35805063,TECLA COLEGIO
545,35138009,35,35138009,CHALUPE COLEGIO
546,35120406,35,35120406,VERUSKA COLEGIO
547,35007959,35,35007959,ALVARO DE SOUZA VIEIRA
548,35811476,35,35811476,OBJETIVO CENTRO INTEGRADO DE EDUCACAO UNIDADE CAMPESTRE
549,35130928,35,35130928,SETA COLEGIO
550,35103275,35,35103275,OSWALDO CRUZ COLEGIOS INTEGRADOS PAES LEME
551,35139270,35,35139270,TANCREDO NEVES ESCOLA
552,35142359,35,35142359,JULIO MESQUITA COLEGIO
553,35106768,35,35106768,VIRGEM PODEROSA COLEGIO
554,35806286,35,35806286,OLIVEIRA TELLES COLEGIO UNIDADE III
555,35165311,35,35165311,MARUPIARA COLEGIO
556,35106690,35,35106690,SAO CAMILO CARDEAL MOTTA UNIDADE I COLEGIO
557,35108601,35,35108601,ALEXANDRE VENANCIO ARMINAS MONS COLEGIO
558,35153163,35,35153163,PENTAGONO COLEGIO UNIDADE ALPHAVILLE
559,35008564,36,35008564,CARLINA CACAPAVA DE MELLO PROFESSORA
560,35104206,36,35104206,COMPANHIA DE MARIA COLEGIO
561,35139233,36,35139233,SAO FRANCISCO DE ASSIS COLEGIO
562,35107542,36,35107542,PUERI DOMUS ESCOLA - VERBO DIVINO UNIDADE I
563,35102805,36,35102805,SANTA MARCELINA COLEGIO
564,35010984,36,35010984,GLORIA AZEDIA BONETTI PROFESSORA
565,35010947,36,35010947,ALICE VELHO TEIXEIRA PROFESSORA
566,35810617,36,35810617,BRASIL COLEGIO
567,35009039,36,35009039,ANTONIO NASCIMENTO PROFESSOR
568,35107736,36,35107736,WALDORF RUDOLF STEINER ESCOLA
569,35125726,36,35125726,PERSPECTIVA ESCOLA
570,35108820,36,35108820,CORACAO DE JESUS INSTITUTO
571,35139580,36,35139580,MARQUES DE MONTE ALEGRE COLEGIO S
572,35139609,36,35139609,GUARANI COLEGIO
573,35137716,36,35137716,8 DE MAIO COLEGIO
574,35137418,36,35137418,WALDORF MICAEL DE SAO PAULO COLEGIO
575,35004947,36,35004947,NEYDE APPARECIDA SOLLITTO PROFESSORA
576,35102751,37,35102751,BATISTA BRASILEIRO COLEGIO
577,35101898,37,35101898,MARY WARD COLEGIO
578,35915750,37,35915750,CELIO LUIZ NEGRINI PROFESSOR
579,35165670,37,35165670,JOAQUIM MARIA MACHADO DE ASSIS COLEGIO
580,35188840,37,35188840,CRESCER ESCOLA BATISTA
581,35172509,37,35172509,INTERACAO MODELO COLEGIO
582,35135446,37,35135446,PIAGET COLEGIO
583,35258039,37,35258039,TOBIAS DE AGUIAR COLEGIO
584,35010248,37,35010248,JOAO CALY PROFESSOR
585,35036663,37,35036663,LEONARDO SOARES RODRIGUES
586,35006836,37,35006836,MARIA RODRIGUES GONCALVES PROFESSORA
587,35108571,37,35108571,SESI 406 CENTRO EDUCACIONAL
588,35107645,37,35107645,ADVENTISTA DE CAMPO LIMPO COLEGIO
589,35151518,37,35151518,ADELIA COSTA E SILVA COLEGIO
590,35119192,37,35119192,DOURADO COLEGIO
591,35143157,37,35143157,SALGUEIRO COLEGIO
592,35136359,37,35136359,CONCORDIA COLEGIO
593,35143649,37,35143649,STELLA RODRIGUES COLEGIO
594,35419679,38,35419679,ANCHIETA PADRE ESCOLA DE ENSINO MEDIO
595,35108868,38,35108868,SESI 265 CENTRO EDUCACIONAL
596,35108352,38,35108352,ADVENTISTA DE MOGI DAS CRUZES COLEGIO
597,35006610,38,35006610,SENTARO TAKAOKA DOUTOR
598,35119507,38,35119507,LUIZ BIMBATTI PICCORRUXO COLEGIO
599,35009982,38,35009982,MATILDE MARIA CREMM
600,35137042,38,35137042,PAULISTA COLEGIO
601,35167782,38,35167782,SANTA BARBARA COLEGIO
602,35137133,38,35137133,PENTAGONO COLEGIO UNIDADE MORUMBI
603,35049086,38,35049086,JOAQUIM MENDES FELIZ
604,35002461,38,35002461,JOAO MARIA OGNO OSB DOM
605,35108561,38,35108561,SESI 397 CENTRO EDUCACIONAL
606,35150344,38,35150344,ADVENTISTA DE ITAPECERICA DA SERRA COLEGIO
607,35118163,38,35118163,PRO CONHECER ESCOLA
608,35107803,39,35107803,MAGISTER COLEGIO UNIDADE SABARA
609,35273659,39,35273659,ANACLETO DE CAMARGO PADRE COLEGIO MUNICIPAL
610,35140338,39,35140338,MAGNO COLEGIO
611,35191243,39,35191243,IRENE CAPORALI DE SOUZA PROFESSORA
612,35132559,39,35132559,MONTESSORI SANTA TEREZINHA COLEGIO
613,35100785,39,35100785,SAO TEODORO DE NOSSA SENHORA DE SION ESCOLA
614,35010637,39,35010637,PAULO SOARES DA SILVA
615,35106896,39,35106896,SANTO AGOSTINHO COLEGIO
616,35119040,39,35119040,DELTA COLEGIO
617,35184949,40,35184949,EL-SHADAY COLEGIO
618,35137108,40,35137108,ALVORADA PLUS INSTITUTO EDUCACIONAL
619,35135434,40,35135434,NEOLATINO COLEGIO
620,35191279,40,35191279,NELSON ANTONIO DO NASCIMENTO JUNIOR PROFESSOR
621,35805440,40,35805440,NOVA ESTRELA GUIA COLEGIO
622,35168671,40,35168671,ADVENTISTA COLEGIO DE INTERLAGOS
623,35036973,40,35036973,BRANCA CASTRO CANTO E MELO PROFESSORA
624,35370824,40,35370824,SESI 432 CENTRO EDUCACIONAL
625,35139804,40,35139804,ADVENTISTA SAO MIGUEL PAULISTA EEIFM
626,35419588,41,35419588,SESI 434 CENTRO EDUCACIONAL
627,35399197,41,35399197,OBJETIVO COLEGIO INTEGRADO
628,35106616,41,35106616,NOSSA SENHORA DA GLORIA COLEGIO MARISTA
629,35036675,41,35036675,ARY BOUZAN PROFESSOR
630,35194074,41,35194074,RAIZES COLEGIAL
631,35133450,41,35133450,OBJETIVO COLEGIO I UNIDADE PINHEIROS
632,35105036,41,35105036,I L PERETZ COLEGIO EEIPSG UNIDADE II
633,35102301,41,35102301,CAMILO CASTELO BRANCO LICEU
634,35100420,41,35100420,IMPERATRIZ LEOPOLDINA COLEGIO
635,35102283,41,35102283,SANTA IZILDINHA ESCOLA
636,35102258,41,35102258,PALMARINO CALABREZ COLEGIO
637,35109228,41,35109228,SINGULAR UNIDADE SAO CAETANO COLEGIO
638,35142682,42,35142682,INTERESCOLAR OBJETIVO UNIDADE GRANJA VIANA CENTRO
639,35003566,42,35003566,MISS BROWNE
640,35010492,42,35010492,VINICIUS DE MORAES
641,35810538,42,35810538,PASCHOAL DANTAS II COLEGIO
642,35008886,42,35008886,FRANCISCO PRESTES MAIA ENGENHEIRO
643,35102040,42,35102040,JOAO XXIII ESCOLA
644,35104991,42,35104991,BENJAMIN CONSTANT COLEGIO
645,35106628,42,35106628,NOTRE DAME RAINHA DOS APOSTOLOS COLEGIO
646,35007134,42,35007134,ODILA LEITE DOS SANTOS PROFESSORA
647,35101941,42,35101941,SANTA MARINA ESCOLA
648,35806420,42,35806420,POLICIA MILITAR COLEGIO DA
649,35108777,42,35108777,SANTO ANDRE COLEGIO FUNDACAO
650,35109496,43,35109496,SAO PIO X INSTITUTO
651,35107153,43,35107153,SESI 402 CENTRO EDUCACIONAL
652,35002562,43,35002562,MARIA DE CARVALHO SENNE PROFESSORA
653,35009350,43,35009350,MARIA TRUJILO TORLONI
654,35165232,43,35165232,FILOMENA DE MARCO COLEGIO UNIDADE II
655,35005061,43,35005061,ZULMIRA CAVALHEIRO FAUSTINO DONA
656,35000930,43,35000930,HOMEM DE MELLO BARAO
657,35001740,43,35001740,STEFAN ZWEIG
658,35125635,43,35125635,PENTAGONO COLEGIO UNIDADE NOVO ORATORIO
659,35167447,43,35167447,VAN GOGH COLEGIO
660,35176588,43,35176588,PORTINARI INSTITUTO EDUCACIONAL
661,35007584,43,35007584,ANTONIO MESSIAS SZYMANSKI PROFESSOR
662,35107050,43,35107050,RESSURREICAO COLEGIO
663,35108625,43,35108625,SESI 080 CENTRO EDUCACIONAL
664,35806122,43,35806122,DESAFIO CENTRO EDUCACIONAL
665,35105961,43,35105961,BEATISSIMA VIRGEM MARIA INSTITUTO DE EDUCACAO
666,35151889,44,35151889,GUARAPIRANGA COLEGIO
667,35118928,44,35118928,MODULO COLEGIO
668,35101734,44,35101734,SAO MIGUEL ARCANJO COLEGIO FRANCISCANO
669,35118072,44,35118072,GUTENBERG COLEGIO
670,35101771,44,35101771,SESI 379 CENTRO EDUCACIONAL
671,35009404,44,35009404,JOANA MOTTA PROFESSORA
672,35004327,44,35004327,ITAUNA VISCONDE DE
673,35010479,44,35010479,CLARO CAMARGO RIBEIRO
674,35130205,44,35130205,VOCACIONAL RADIAL COLEGIO
675,35105053,44,35105053,MADRE CABRINI COLEGIO EEIFM
676,35000668,44,35000668,ROMULO PERO PROFESSOR
677,35924398,44,35924398,JARDIM CANAA
678,35140880,45,35140880,ISAAC NEWTON SIR COLEGIO
679,35101011,45,35101011,ADVENTISTA DE TUCURUVI COLEGIO
680,35007638,45,35007638,RUTH NEVES SANT ANNA PROFESSORA
681,35004340,45,35004340,ROOSEVELT PRESIDENTE
682,35005400,45,35005400,ALFREDO VIANELLO GREGORIO COMENDADOR
683,35139610,45,35139610,NUCLEO EDUCACIONAL FERRAZENSE
684,35142013,45,35142013,DOMUS SAPIENTIAE COLEGIO
685,35108397,45,35108397,SESI 240 CENTRO EDUCACIONAL
686,35009131,45,35009131,MAURICIO ANTUNES FERRAZ PROFESSOR
687,35003931,45,35003931,OSWALDO ARANHA
688,35107608,45,35107608,ADVENTISTA CIDADE ADEMAR ESCOLA
689,35140004,45,35140004,SAO SABAS COLEGIO
690,35008059,45,35008059,CELSO GAMA DOUTOR
691,35131039,45,35131039,SESI 413 CENTRO EDUCACIONAL
692,35101710,45,35101710,NOSSA SENHORA DO CARMO COLEGIO FRANCISCANO
693,35046401,45,35046401,REPUBLICA DOMINICANA
694,35010534,45,35010534,ORLANDO ELLERO PROFESSOR
695,35130369,45,35130369,PRE-MEDICO COLEGIO
696,35463279,45,35463279,VITAL BRAZIL COLEGIO
697,35103445,46,35103445,EQUIPE COLEGIO
698,35080615,46,35080615,ANDRE FRANCO MONTORO GOVERNADOR
699,35119261,46,35119261,JOSE DE PAIVA NETTO INSTITUTO DE EDUCACAO
700,35001569,46,35001569,OSWALDO CRUZ
701,35153825,46,35153825,SAO LUIZ DE GONZAGA III COLEGIO
702,35010297,46,35010297,ZEICY APPARECIDA NOGUEIRA BAPTISTA PROFESSORA
703,35008655,46,35008655,OSCAVO DE PAULA E SILVA PROFESSOR
704,35008436,46,35008436,ONDINA RIVERA MIRANDA CINTRA PROFESSORA
705,35429673,46,35429673,NEC INSTITUTO EDUCACIONAL
706,35107487,46,35107487,HUMBOLDT COLEGIO
707,35100213,46,35100213,MOYE PADRE COLEGIO
708,35007407,46,35007407,ANTONIO BRANCO RODRIGUES JUNIOR PROFESSOR
709,35161895,47,35161895,DOM PEDRO COLEGIO
710,35444091,47,35444091,DAGMAR RIBAS TRINDADE PROFESSORA EEFMT
711,35000917,47,35000917,ANTONIO LISBOA PROFESSOR
712,35009817,47,35009817,VICTORIO FORNASARO
713,35005228,47,35005228,SABOIA DE MEDEIROS PADRE EE
714,35154210,47,35154210,VIVA ESCOLA DE EDUCACAO INFANTIL E FUNDAMENTAL
715,35071936,47,35071936,CANELLO MARQUES COLEGIO
716,35151385,47,35151385,PAN TERRA COLEGIO E PRE ESCOLA
717,35108856,47,35108856,SESI 221 CENTRO EDUCACIONAL
718,35151774,47,35151774,LUMBINI COLEGIO INTEGRADO
719,35038131,47,35038131,AUGUSTO DO AMARAL DEPUTADO
720,35142724,48,35142724,14 DE JULHO COLEGIO
721,35040769,48,35040769,DOMINGOS MIGNONI
722,35008825,48,35008825,LAUDO FERREIRA DE CAMARGO MINISTRO
723,35138575,48,35138575,RENOVACAO COLEGIO
724,35000905,48,35000905,CARLOS DE LAET PROF
725,35101692,48,35101692,CIVITATIS COLEGIO
726,35107475,48,35107475,DOZE DE OUTUBRO COLEGIO
727,35109435,48,35109435,NOSSA SENHORA DE MISERICORDIA COLEGIO
728,35107554,48,35107554,SAO VICENTE DE PAULO ESCOLA
729,35175936,48,35175936,POLICIA MILITAR COLEGIO DA UNIDADE VILA TALARICO
730,35100547,48,35100547,COLEGIO NOSSA SENHORA CONSOLATA
731,35135586,49,35135586,NAHIM AHMAD COLEGIO
732,35168622,49,35168622,MORIAH COLEGIO
733,35038398,49,35038398,IVAN BRASIL
734,35367734,49,35367734,DOM BOSCO COLEGIO UNID III
735,35007500,49,35007500,FABIO EDUARDO RAMOS ESQUIVEL
736,35207639,49,35207639,EMEFM GUIOMAR CABRAL
737,35313661,49,35313661,RUMO COLEGIO
738,35150198,49,35150198,PRESBITERIANO DE GUARULHOS COLEGIO
739,35109411,49,35109411,NOSSA SENHORA DOS REMEDIOS COLEGIO
740,35106148,49,35106148,NOSSA SENHORA APARECIDA COLEGIO FRANCISCANO
741,35481014,49,35481014,ABACO III COLEGIO
742,35106811,50,35106811,SAO JOSE DOS PADRES DE SION COLEGIO
743,35126974,50,35126974,OBJETIVO INTEGRADO DE MOGI DAS CRUZES COLEGIO
744,35004297,50,35004297,MURTINHO NOBRE DOUTOR
745,35100730,50,35100730,SANTA TERESA INSTITUTO DE EDUCACAO
746,35137972,50,35137972,METODISTA COLEGIO
747,35135549,50,35135549,CARLOS DRUMOND DE ANDRADE COLEGIO
748,35126615,51,35126615,CIDADE JARDIM CUMBICA COLEGIO
749,35120285,51,35120285,MIGUEL DE CERVANTES COLEGIO
750,35923333,51,35923333,JOSEPHA PINTO CHIAVELLI PROFESSORA
751,35101151,51,35101151,NOSSA SENHORA DE LOURDES COLEGIO
752,35136463,51,35136463,CETEC COLEGIO
753,35107049,51,35107049,EMILIE DE VILLENEUVE COLEGIO
754,35002148,51,35002148,PAULO NOVAES DE CARVALHO PROFESSOR
755,35900148,51,35900148,MARIA LEDA FERNANDES BRIGO PROFESSORA
756,35108182,51,35108182,ADVENTISTA DE GUARULHOS ESCOLA
757,35054082,51,35054082,EMEFM LINNEU PRESTES PROF
758,35108200,51,35108200,ADVENTISTA DE VILA GALVAO COLEGIO
759,35040708,51,35040708,LEONICE DE AQUINO OLIVEIRA
760,35008936,51,35008936,ADAIL LUIZ MILLER DOUTOR
761,35108443,51,35108443,SESI 081 CENTRO EDUCACIONAL
762,35103342,51,35103342,BONI CONSILII INSTITUTO EDUCACAO
763,35131507,52,35131507,OSWALD DE ANDRADE COLEGIO UNIDADE II
764,35119659,52,35119659,NATALINO FIDENCIO PROF INSTITUTO DE EDUCACAO COLEGIO STATUS
765,35150265,52,35150265,VIP COLEGIO JARDIM TREMEMBE
766,35137960,52,35137960,ETIP CENTRO EDUCACIONAL
767,35108972,52,35108972,RIO BRANCO EXTERNATO
768,35106636,52,35106636,WALTER BELIAN ESCOLA TECNICA
769,35039548,52,35039548,VLADIMIR HERZOG JORNALISTA
770,35046024,52,35046024,ESCOLA DE APLICACAO DA FACULDADE DE EDUCACAO DA USP
771,35143959,53,35143959,CERTUS COLEGIO
772,35168543,53,35168543,GUGLIELMO MARCONI COLEGIO
773,35161238,53,35161238,PIRITUBANO INSTITUTO EDUCACIONAL
774,35197269,53,35197269,POLICIA MILITAR COLEGIO DA
775,35102124,53,35102124,PALOTINA VICENTE PALLOTTI ESCOLA
776,35287581,53,35287581,SAO PAULO COLEGIO
777,35100663,53,35100663,MADRE MAZZARELLO INSTITUTO
778,35008874,53,35008874,ROBERT KENNEDY SENADOR
779,35290841,53,35290841,MODULO COLEGIO UNIDADE II
780,35482912,53,35482912,PARAMETROS COLEGIO
781,35923369,53,35923369,ANTONIO LUCAS
782,35009180,53,35009180,AMADEU OLIVERIO PROFESSOR
783,35902861,53,35902861,FRANCISCO PARENTE
784,35811385,53,35811385,PENHENSE ESCOLA ESP
785,35108844,54,35108844,SESI 166 CENTRO EDUCACIONAL
786,35108583,54,35108583,SESI 079 CENTRO EDUCACIONAL
787,35006646,54,35006646,PEDRO MALOZZE
788,35139497,54,35139497,PENTAGONO COLEGIO UNIDADE CAIUBI
789,35004546,54,35004546,RAUL FONSECA
790,35044921,55,35044921,MYRTHES THEREZINHA ASSAD VILLELA PROFA
791,35133401,55,35133401,SESI 415 CENTRO EDUCACIONAL
792,35130254,55,35130254,OBJETIVO COLEGIO I UNIDADE LUIS GOES IV
793,35100808,55,35100808,NOVE DE JULHO COLEGIO UNIDADE I
794,35010510,55,35010510,CARLOS FERREIRA DE MORAES PROFESSOR
795,35009441,55,35009441,ALFREDO BURKART PROFESSOR
796,35009088,55,35009088,BAETA NEVES DOUTOR
797,35902287,56,35902287,IRMA CHARLITA
798,35108364,56,35108364,PLACIDINA DONA INSTITUTO
799,35158483,56,35158483,STOCKLER COLEGIO
800,35901945,56,35901945,ILSON GOMES PROFESSOR
801,35124606,56,35124606,ARBOS COLEGIO ENS MEDIO UNID II
802,35040548,56,35040548,NESTOR DE CAMARGO PREFEITO
803,35102465,57,35102465,CAMPOS SALLES COLEGIO UNIDADE I
804,35005836,57,35005836,BRASILIA CASTANHO DE OLIVEIRA DONA
805,35109101,57,35109101,SESI 222 CENTRO EDUCACIONAL
806,35127115,57,35127115,OBJETIVO CENTRO EDUCACIONAL UNIDADE DE SAO CAETANO DO SUL
807,35125799,57,35125799,LEONARDO DA VINCI COLEGIO
808,35102799,58,35102799,SAGRADO CORACAO DE JESUS COLEGIO
809,35102829,58,35102829,SAO DOMINGOS COLEGIO
810,35038519,58,35038519,MARIA CRISTINA SCHMIDT MIRANDA PROFESSORA
811,35009465,58,35009465,YOLANDA ASCENCIO PROFESSORA
812,35101266,58,35101266,SESI 032 CENTRO EDUCACIONAL
813,35923941,58,35923941,PARQUE PIRATININGA II
814,35913807,59,35913807,OMAR DAIBERT REVERENDO
815,35809676,59,35809676,POLICIA MILITAR COLEGIO UNIDADE PENHA
816,35808210,59,35808210,VICTORINO COLEGIO
817,35292175,59,35292175,UNIMOR COLEGIO NUCLEO 2
818,35101618,59,35101618,NOSSA SENHORA DE FATIMA COLEGIO
819,35009325,60,35009325,ANESIA LOUREIRO GAMA PROFESSORA
820,35109393,60,35109393,APLICACAO DE OSASCO COLEGIO
821,35101448,60,35101448,SAO JUDAS TADEU COLEGIO
822,35009283,60,35009283,20 DE AGOSTO
823,35000978,60,35000978,CASIMIRO DE ABREU
824,35010133,60,35010133,MARIA AUXILIADORA
825,35104449,60,35104449,NOSSA SENHORA DAS GRACAS ESCOLA
826,35104607,61,35104607,PALMARES COLEGIO EFM
827,35126718,61,35126718,NOVA LOURENCO CASTANHO ESCOLA UNIDADE IV
828,35433846,61,35433846,PARQUE SANTO ANTONIO ETEC
829,35107116,61,35107116,NOSSA SENHORA DAS GRACAS ESCOLA
830,35923886,61,35923886,ADENILSON DOS SANTOS FRANCO PROFESSOR
831,35105314,61,35105314,FRANCISCANO PIO XII COLEGIO
832,35142736,62,35142736,ESCOLA DA VILA UNIDADE MORUMBI
833,35195005,62,35195005,LEONARDO ANGLO COLEGIO
834,35440620,62,35440620,ABDIAS DO NASCIMENTO ETEC
835,35108649,62,35108649,SAO JOSE COLEGIO
836,35207755,62,35207755,EMEFM DARCY RIBEIRO
837,35106756,62,35106756,SAO FRANCISCO XAVIER COLEGIO
838,35910582,62,35910582,CONCEICAO DA COSTA NEVES DEPUTADA
839,35102015,62,35102015,SAO VICENTE DE PAULO COLEGIO PENHA
840,35045081,63,35045081,MARIA APARECIDA DAMO FERREIRA
841,35910764,63,35910764,CLARICE DE MAGALHAES CASTRO PROFESSORA
842,35925834,64,35925834,PARQUE PAYOL
843,35109400,64,35109400,FERNAO DIAS PAIS COLEGIO
844,35405243,64,35405243,VILA FORMOSA ETE DE
845,35003244,64,35003244,ADHEMAR ANTONIO PRADO PROFESSOR
846,35438042,64,35438042,JARDIM ESPERANCA
847,35240941,64,35240941,GASPAR DE GODOI COLACO TTE GAL COLEGIO MUNICIPAL
848,35104875,65,35104875,RAINHA DA PAZ COLEGIO EIFM
849,35450935,65,35450935,SOUZA E ALMEIDA COLEGIO
850,35101886,65,35101886,ESPIRITO SANTO COLEGIO
851,35004212,65,35004212,ADOLFO GORDO SENADOR
852,35136943,66,35136943,POP COLEGIO ESCOLA PSG E SUPLETIVOS
853,35405346,66,35405346,ERMELINDA GIANNINI TEIXEIRA PROFA ETE
854,35044386,66,35044386,DAVID NASSER JORNALISTA
855,35906542,66,35906542,DIB AUDI
856,35172492,66,35172492,SAO FRANCISCO DE ASSIS INSTITUTO DE ENSINO
857,35004169,66,35004169,ANA ROSA DE ARAUJO DONA
858,35100912,67,35100912,SAO PAULO DA CRUZ COLEGIO PASSIONISTA
859,35006099,67,35006099,JUVENAL RAMOS BARBOSA
860,35428905,67,35428905,CIDADE TIRADENTES ETE DE
861,35299364,67,35299364,MARIA AUGUSTA SARAIVA DRA ETE
862,35003542,67,35003542,JOSE MONTEIRO BOANOVA PROFESSOR
863,35101047,67,35101047,PAULISTA ESCOLA
864,35135288,67,35135288,LEONARDO DA VINCI COLEGIO ANGLO
865,35438315,68,35438315,GERMINARE ESCOLA
866,35923461,68,35923461,HEITOR VILLA LOBOS MAESTRO
867,35438431,68,35438431,SANTA ISABEL ESCOLA TECNICA ESTADUAL DE
868,35101175,68,35101175,SANTA CATARINA COLEGIO
869,35919056,68,35919056,MARCIA APARECIDA DA SILVA FARIA RIES PROFESSORA
870,35036274,68,35036274,EULALIA SILVA PROFESSORA
871,35158318,68,35158318,NOVA CACHOEIRINHA COLEGIO UNIDADE II
872,35102076,69,35102076,SAO JOSE DE VILA MATILDE ESCOLA
873,35008941,69,35008941,SANTA OLIMPIA
874,35921385,69,35921385,ELISIO DE OLIVEIRA NEVES VEREADOR
875,35000875,69,35000875,CASTRO ALVES
876,35409169,69,35409169,TERUKO UEDA YAMAGUTI PROFESSORA
877,35142759,69,35142759,CARLOS DRUMMOND DE ANDRADE COLEGIO
878,35173712,69,35173712,FEREGUETTI COLEGIO
879,35405231,69,35405231,GINO REZAGHI ETE
880,35005988,70,35005988,MARIA LEONI
881,35438820,70,35438820,RAPOSO TAVARES ETEC
882,35120947,70,35120947,BRADESCO FUNDACAO ESCOLA DE EDUCACAO BASICA
883,35106677,70,35106677,SESI 111 CENTRO EDUCACIONAL
884,35003372,70,35003372,ROMEU DE MORAES
885,35430432,70,35430432,FENIX SANTA PAULA ESCOLA UNDADE I E II
886,35010261,71,35010261,ALMIR PEREIRA BAHIA REVERENDO
887,35004224,71,35004224,VIRGILIA RODRIGUES ALVES DE CARVALHO PINTO
888,35007596,71,35007596,LUIS WASHINGTON VITA PROFESSOR
889,35448060,71,35448060,MANDAQUI ETEC
890,35008667,71,35008667,ARISTIDES GREVE PADRE
891,35001247,71,35001247,RUY BARBOSA CONSELHEIRO
892,35104917,71,35104917,SANTA CLARA COLEGIO
893,35010030,71,35010030,ODETTE DE SOUZA CARVALHO MADRE
894,35003700,71,35003700,ANTONIO ALVES CRUZ PROFESSOR
895,35433861,72,35433861,POA ETEC DE
896,35151506,72,35151506,MIRANDA COLEGIO DE EIFM
897,35001600,72,35001600,PLINIO BARRETO
898,35001168,72,35001168,ALFREDO INACIO TRINDADE
899,35010017,72,35010017,MARIANINHA QUEIROZ PROFESSORA
900,35135136,72,35135136,ADVENTISTA DE DIADEMA COLEGIO
901,35908757,72,35908757,MARIA AUXILIADORA MARQUES PROFESSORA
902,35008473,72,35008473,WANDA BENTO GONCALVES PROFESSORA
903,35440036,72,35440036,FRANCISCO MORATO ETEC DE
904,35001284,73,35001284,AMENAIDE BRAGA DE QUEIROZ PROFA
905,35240936,73,35240936,ABELARDO MARQUES DA SILVA COLEGIO MUNICIPAL
906,35109381,73,35109381,SESI 064 CENTRO EDUCACIONAL
907,35037114,73,35037114,TADAKIYO SAKAI
908,35446836,73,35446836,ITAQUAQUECETUBA ETEC DE
909,35439447,73,35439447,GILDO MARCAL BEZERRA BRANDAO ETEC
910,35105600,73,35105600,SANTO AMERICO COLEGIO
911,35438261,73,35438261,COTIA ESCOLA TECNICA ESTADUAL DE
912,35904673,73,35904673,ORIGENES LESSA
913,35438285,74,35438285,SAO MATEUS ESCOLA TECNICA ESTADUAL
914,35101597,74,35101597,JOAO XXIII COLEGIO
915,35001259,74,35001259,JOAO LIGABUE CONEGO
916,35907182,74,35907182,MARIO FRANCISCON
917,35923904,74,35923904,SERGIO VIEIRA DE MELLO DIPLOMATA
918,35107190,74,35107190,NOSSA SENHORA DO ROSARIO COLEGIO
919,35906669,74,35906669,WALKER DA COSTA BARBOSA PROFESSOR
920,35141240,75,35141240,VERTICE COLEGIO UNIDADE II
921,35144745,75,35144745,ADVENTISTA COLEGIO DE VILA YARA
922,35106926,75,35106926,ADVENTISTA DA LIBERDADE COLEGIO
923,35009106,75,35009106,JOSE FORNARI DOUTOR
924,35448285,75,35448285,BARUERI ETEC DE
925,35450868,75,35450868,SENIOR OBJETIVO DE MOGI DAS CRUZES COLEGIO
926,35160519,76,35160519,CENTRAL COLEGIO
927,35010873,76,35010873,JOAO BAPTISTA DE BRITO PROFESSOR
928,35009854,76,35009854,WILLIAN RODRIGUES REBUA PROFESSOR
929,35917515,76,35917515,MARIA REGINA DEMARCHI FANANI
930,35003657,76,35003657,EMILIANO AUGUSTO CAVALCANTI DE ALBUQUERQUE E MELO
931,35139646,76,35139646,RIO BRANCO COLEGIO UNIDADE GRANJA VIANA
932,35009453,76,35009453,ALEXANDRE GRIGOLLI PADRE
933,35481555,77,35481555,ENIAC COLEGIO
934,35120339,77,35120339,OBJETIVO CENTRO INTERESCOLAR UNIDADE VERGUEIRO
935,35006555,77,35006555,MARIA SANTOS BAIRAO PROFA
936,35048422,77,35048422,JOANNA SPOSITO
937,35001036,77,35001036,SEBASTIAO DE SOUZA BUENO PROF
938,35131660,77,35131660,BRASILIA DE SAO PAULO COLEGIO
939,35006592,78,35006592,ADHEMAR BOLINA PROFESSOR
940,35010686,78,35010686,ERNESTO THENN DE BARROS PROFESSOR
941,35257758,79,35257758,VICENTE BASTOS PROF EM
942,35037710,79,35037710,MILTON DA SILVA RODRIGUES PROFESSOR
943,35000140,79,35000140,SILVIO XAVIER ANTUNES PROFESSOR
944,35902925,79,35902925,CALHIM MANOEL ABUD
945,35141689,79,35141689,PARALELO DE ENSINO ASSOCIACAO
946,35307622,80,35307622,POLICIA MILITAR COLEGIO DA UNIDADE ITAQUERA
947,35002549,80,35002549,ADELAIDE FERRAZ DE OLIVEIRA PROFA
948,35004807,80,35004807,DOMINGOS QUIRINO FERREIRA CORONEL
949,35918659,80,35918659,ASA BRANCA DA SERRA
950,35446993,80,35446993,EMBU ETEC DE
951,35000620,81,35000620,ANTONIO EMILIO SOUZA PENNA PROFESSOR
952,35925603,81,35925603,LEDA FELICE FERREIRA PROFESSORA
953,35119982,81,35119982,JARDIM SAO PAULO UNIDADE TREMEMBE COLEGIO
954,35008722,81,35008722,INAH DE MELLO PROFESSORA
955,35010650,81,35010650,JOSE NEYDE CESAR LESSA DOUTOR
956,35140351,81,35140351,OBJETIVO CENTRO INTERESCOLAR UNIDADE POMPEIA
957,35006427,82,35006427,JOAO CAVALHEIRO SALEM PROFESSOR
958,35006737,82,35006737,OLGA CHAKUR FARAH PROFESSORA
959,35035622,82,35035622,OCTALLES MARCONDES FERREIRA
960,35005502,82,35005502,BELEM DA SERRA
961,35010145,83,35010145,IRIA KUNZ IRMA
962,35107633,83,35107633,ADVENTISTA SANTO AMARO COLEGIO
963,35144228,83,35144228,EXATUS COLEGIO E VESTIBULARES
964,35003670,83,35003670,FIDELINO FIGUEIREDO PROFESSOR
965,35142612,83,35142612,SINGULAR COLEGIO
966,35009573,83,35009573,BONIFACIO DE CARVALHO CORONEL
967,35006373,83,35006373,ANTONIO VIANA DE SOUZA PROFESSOR
968,35137753,84,35137753,SESI 416 CENTRO EDUCACIONAL
969,35137397,85,35137397,GUILHERME DUMONT VILLARES COLEGIO
970,35284348,85,35284348,DIADEMA
971,35072552,85,35072552,GUAIANAZES ETE
972,35131945,85,35131945,GUILHERME DE ALMEIDA COLEGIO UNIDADE I
973,35910223,86,35910223,RIOLANDO CANNO PROFESSOR
974,35108741,86,35108741,ADVENTISTA SANTO ANDRE COLEGIO
975,35428929,86,35428929,TAKASHI MORITA ETEC
976,35002859,87,35002859,MARIO KOZEL FILHO
977,35906463,87,35906463,EDGARD FRANCISCO
978,35902032,87,35902032,ANTONIO BRAZ GAMBARINI DOUTOR
979,35008709,87,35008709,ESTHER MEDINA PROFESSORA
980,35001824,87,35001824,JOSE HEITOR CARUSI PROFESSOR
981,35908836,87,35908836,ITAJAHY FEITOSA MARTINS PROFESSOR
982,35042031,88,35042031,SANTA DALMOLIN DEMARCHI
983,35010352,88,35010352,WANDYCK FREITAS JORNALISTA
984,35009210,88,35009210,MARIA IRACEMA MUNHOZ
985,35130540,89,35130540,POLICIA MILITAR COLEGIO DA
986,35124862,89,35124862,ADVENTISTA DE TABOAO DA SERRA COLEGIO
987,35162243,89,35162243,VISCONDE DE PORTO SEGURO COLEGIO UNIDADE III
988,35008151,90,35008151,GENEROSO ALVES DE SIQUEIRA DOUTOR
989,35002057,90,35002057,AMELIA DE ARAUJO DONA
990,35910259,90,35910259,MARIA VERA LOMBARDI SIQUEIRA PROFA
991,35330401,90,35330401,VISCONDE DE PORTO SEGURO ESCOLA DA COMUNIDADE
992,35040770,91,35040770,NEUZA DE OLIVEIRA PREVIDE PROFESSORA
993,35003013,91,35003013,DIOGO DE FARIA DR
994,35918805,91,35918805,LEONOR MENDES DE BARROS
995,35008308,91,35008308,SERGIO MILLIET DA COSTA E SILVA
996,35006385,91,35006385,WASHINGTON LUIZ PEREIRA DE SOUZA DR
997,35173186,93,35173186,UNIDADE JARDIM COLEGIO
998,35103718,93,35103718,RIO BRANCO UNIDADE HIGIENOPOLIS COLEGIO
999,35008643,94,35008643,TAUNAY VISCONDE DE
1000,35101904,94,35101904,SANTO ANTONIO DE LISBOA COLEGIO
1001,35004984,94,35004984,MARIA PETRONILA LIMEIRA DOS MILAGRES MONTEIRO PROFESSORA
1002,35906426,94,35906426,LUCIA DE CASTRO BUENO PROFESSORA
1003,35128200,94,35128200,ESPACO POTENCIAL COLEGIO
1004,35108145,95,35108145,MATER AMABILIS COLEGIO
1005,35141367,95,35141367,OBJETIVO COLEGIO UNIDADE ALPHAVILLE
1006,35297537,95,35297537,LOUIS BRAILLE
1007,35000334,95,35000334,MANUEL DA NOBREGA PADRE
1008,35005629,95,35005629,OTTO WEISZFLOG
1009,35443803,95,35443803,MOACYR DOMINGOS SAVIO VERONEZI PROF ITB
1010,35908373,95,35908373,MAUD SA DE MIRANDA MONTEIRO PROFESSORA
1011,35037692,96,35037692,ANA SIQUEIRA DA SILVA
1012,35007948,97,35007948,JOSE GASPAR DOM
1013,35000673,97,35000673,PAULO EGYDIO DE OLIVEIRA CARVALHO SENADOR
1014,35925639,98,35925639,PARQUE MARAJOARA II
1015,35008497,98,35008497,JOAO PAULO I PAPA
1016,35010121,98,35010121,EULALIA MALTA PROFESSORA
1017,35006117,98,35006117,PAULO ROLIM LOUREIRO DOM
1018,35001958,98,35001958,JULIA MACEDO PANTOJA PROFESSORA
1019,35135227,98,35135227,MACKENZIE TAMBORE COLEGIO PRESBITERIANO
1020,35005484,99,35005484,JOAO BATISTA DE CARVALHO MONSENHOR
1021,35119581,99,35119581,SERRANO GUARDIA COLEGIO
1022,35003669,100,35003669,ALEXANDRE VON HUMBOLDT
1023,35044441,100,35044441,EURIPEDES SIMOES DE PAULA PROF
1024,35007298,100,35007298,SIMON SWITZAR PADRE
1025,35923473,100,35923473,CARAN APPARECIDO GONCALVES PROFESSOR
1026,35000413,100,35000413,JOAQUIM SILVADO DOUTOR
1027,35003839,101,35003839,GODOFREDO FURTADO
1028,35005642,101,35005642,NIDE ZAIM CARDOSO PROFA
1029,35139129,101,35139129,PINHEIRO ESCOLA
1030,35438480,101,35438480,JARAGUA ESCOLA TECNICA ESTADUAL
1031,35010285,101,35010285,PASCHOAL CARLOS MAGNO
1032,35907194,101,35907194,AFRANIO DE OLIVEIRA
1033,35143200,102,35143200,OBJETIVO CENTRO INTERESCOLAR UNIDADE CANTAREIRA
1034,35009477,103,35009477,MARIA DA CONCEICAO MOURA BRANCO PROFESSORA
1035,35003402,103,35003402,PEREIRA BARRETO
1036,35438418,103,35438418,UIRAPURU ESCOLA TECNICA ESTADUAL
1037,35439083,103,35439083,PAULISTANO ETEC
1038,35908745,103,35908745,NEUSA FIGUEIREDO MARCAL PROFESSORA
1039,35433858,104,35433858,TIQUATIRA ETEC
1040,35008837,104,35008837,JOAO FIRMINO CORREIA DE ARAUJO DOUTOR
1041,35039299,104,35039299,IBRAHIM NOBRE
1042,35365622,105,35365622,SAPOPEMBA ETE DE
1043,35003797,105,35003797,FABIANO LOZANO MAESTRO
1044,35440966,105,35440966,HERCULES ALVES DE OLIVEIRA PROF INSTITUTO TECNICO DE BARUERI
1045,35363315,105,35363315,ITAQUERA ETE DE
1046,35010091,105,35010091,PAULO CHAGAS NOGUEIRA ENGENHEIRO
1047,35150885,106,35150885,VERA CRUZ ESCOLA UNIDDE III
1048,35009581,106,35009581,IDALINA MACEDO COSTA SODRE DONA
1049,35009957,106,35009957,PORCINO RODRIGUES PROF
1050,35108873,106,35108873,CLOVIS BEVILACQUA DR COLEGIO
1051,35004736,106,35004736,JOAO AMOS COMENIUS
1052,35185383,106,35185383,OBJETIVO MAUA CENTRO EDUCACIONAL
1053,35001363,107,35001363,SAO PAULO
1054,35107591,107,35107591,ELLEN G WHITE ADVENTISTA COLEGIO
1055,35001156,108,35001156,SILVA JARDIM
1056,35906438,108,35906438,FRANCISCO D AMICO
1057,35364265,108,35364265,FERRAZ DE VASCONCELOS ESCOLA TECNICA ESTADUAL
1058,35900151,109,35900151,MARIA APARECIDA RODRIGUES PROFESSORA
1059,35406296,109,35406296,SUZANO ETEC DE
1060,35290749,111,35290749,RIBEIRAO PIRES ETE
1061,35003773,111,35003773,COSTA MANSO MINISTRO
1062,35041099,111,35041099,ALLYRIO DE FIGUEIREDO BRASIL PROFESSOR
1063,35124618,112,35124618,COC OSASCO
1064,35140144,113,35140144,INTEGRADO DE OSASCO COLEGIO ENSINO FUNDAMENTAL E MEDIO
1065,35107517,113,35107517,SANTA MARIA COLEGIO
1066,35290671,113,35290671,EMILIO HERNANDEZ AGUILAR DR ETE
1067,35109022,114,35109022,UNIVERSITARIO ABC COLEGIO
1068,35002860,114,35002860,ESTELA BORGES MORATO
1069,35009337,114,35009337,CYNIRA PIRES DOS SANTOS PROFESSORA
1070,35000942,114,35000942,BUENOS AIRES
1071,35152729,114,35152729,PETROPOLIS COLEGIO
1072,35002008,114,35002008,JOAO DIAS DA SILVEIRA PROFESSOR
1073,35103421,115,35103421,LICEU DE ARTES E OFICIOS DE SAO PAULO ESCOLA TECNICA
1074,35002707,115,35002707,VITAL FOGACA DE ALMEIDA DOUTOR
1075,35456731,115,35456731,OBJETIVO CENTRO INTERESCOLAR UNIDADE IPIRANGA
1076,35005435,115,35005435,VICENTE LEPORACE
1077,35904958,116,35904958,FRANCISCO CRISTIANO LIMA DE FREITAS
1078,35102428,116,35102428,SESI 414 CENTRO EDUCACIONAL
1079,35005915,117,35005915,JOSE ALVES DE CERQUEIRA CESAR
1080,35345891,117,35345891,JUSCELINO KUBITSCHEK DE OLIVEIRA ETEC
1081,35153989,117,35153989,ANGLO MORUMBI COLEGIO
1082,35005548,117,35005548,WALTER RIBAS DE ANDRADE PROF EE
1083,35035403,118,35035403,ALEXANDRE RODRIGUES NOGUEIRA
1084,35324255,118,35324255,MARIA THEODORA PEDREIRA DE FREITAS PROFA EEFMT
1085,35003001,118,35003001,DARIO DE QUEIROZ PROF
1086,35443785,119,35443785,ANTONIO ARANTES FILHO PROFESSOR INSTITUTO TECNICO DE BARUERI
1087,35008096,119,35008096,LUIZ LOBO NETO DOUTOR
1088,35007195,119,35007195,CARLINDO REIS
1089,35130758,120,35130758,CRUZEIRO DO SUL COLEGIO UNIDADE II
1090,35405322,120,35405322,TEREZA APARECIDA CARDOSO NUNES DE OLIVEIRA ETEC
1091,35290701,120,35290701,ZONA SUL ETE
1092,35132287,120,35132287,POLIEDRO COLEGIO
1093,35100432,121,35100432,JARDIM SAO PAULO COLEGIO
1094,35990012,122,35990012,INSTITUTO FEDERAL DE SAO PAULO CAMPUS - SAO PAULO
1095,35001855,122,35001855,AMERICO DE MOURA PROFESSOR
1096,35101278,122,35101278,SAO JOSE COLEGIO AGOSTINIANO
1097,35908587,123,35908587,ODETE MARIA DE FREITAS
1098,35001594,123,35001594,CARLOS DE CAMPOS ETE
1099,35135203,124,35135203,EDUARDO GOMES COLEGIO
1100,35165347,124,35165347,MOBILE COLEGIO
1101,35124199,125,35124199,ALBERT SABIN COLEGIO
1102,35006208,125,35006208,ALICE CHUERY PROFESSORA
1103,35001375,125,35001375,LOUREIRO JUNIOR PROFESSOR
1104,35041973,126,35041973,MARLENE CAMARGO RIBEIRO PROFESSORA
1105,35908551,126,35908551,SIDRONIA NUNES PIRES
1106,35010259,126,35010259,ANTONIO INACIO MACIEL
1107,35439216,127,35439216,PARQUE BELEM ETEC
1108,35003499,127,35003499,ZULEIKA DE BARROS MARTINS FERREIRA PROFESSORA
1109,35141811,127,35141811,OBJETIVO ABC CEEFM UND 201
1110,35008357,128,35008357,JOAO GALEAO CARVALHAL SENADOR
1111,35921130,129,35921130,ANCHIETA PADRE
1112,35002847,130,35002847,MIGUEL DE CERVANTES Y SAAVEDRA DOM
1113,35921543,130,35921543,NELSON MONTEIRO PALMA PROFESSOR
1114,35103861,130,35103861,MACKENZIE COLEGIO PRESBITERIANO
1115,35005356,130,35005356,DUARTE LEOPOLDO E SILVA DOM
1116,35434632,130,35434632,HELIOPOLIS ESCOLA TECNICA ESTADUAL
1117,35008801,131,35008801,FAUSTO CARDOSO FIGUEIRA DE MELLO DOUTOR
1118,35000267,131,35000267,ERMANO MARCHETTI
1119,35003384,131,35003384,ANHANGUERA
1120,35010789,133,35010789,JOSE LIBERATTI PROFESSOR
1121,35304815,133,35304815,PARQUE DA JUVENTUDE ETE
1122,35006981,134,35006981,RAUL BRASIL PROFESSOR
1123,35009295,134,35009295,WALLACE COCKRANE SIMONSEN
1124,35108923,134,35108923,ABACO COLEGIO
1125,35477904,134,35477904,ESCOLA MUNICIPAL DE ENSINO FUNDAMENTAL E MEDIO
1126,35429089,134,35429089,SINGULAR COLEGIO TECNICO
1127,35925871,134,35925871,ZONA LESTE ETEC DA
1128,35007161,135,35007161,GERALDO JUSTINIANO DE REZENDE SILVA PROFESSOR
1129,35070178,135,35070178,EMEFM DERVILLE ALLEGRETTI PROF
1130,35011034,136,35011034,TELMO COELHO FILHO MAJOR
1131,35002203,136,35002203,JOSE MARQUES DA CRUZ PROFESSOR
1132,35006920,137,35006920,WASHINGTON LUIZ DOUTOR
1133,35908861,138,35908861,JOSE STOROPOLI DEPUTADO
1134,35002173,138,35002173,JOAO BORGES PROFESSOR
1135,35133395,138,35133395,CENTRO INTERESCOLAR OBJETIVO UNIDADE TATUAPE
1136,35002185,139,35002185,MARTIN LUTHER KING ETE
1137,35144952,139,35144952,ARGUMENTO COLEGIO
1138,35295012,139,35295012,ANDRE BOGASIAN PROFESSOR ETEC
1139,35046309,139,35046309,TERCIO MORAES PEREIRA REV
1140,35915749,140,35915749,JOSE MARCATO
1141,35907637,141,35907637,MIGUEL MALUHY COMENDADOR
1142,35002197,141,35002197,IRENE DE LIMA PAIVA PROFESSORA
1143,35000139,142,35000139,MARIANO DE OLIVEIRA PROFESSOR
1144,35105648,143,35105648,PORTO SEGURO VISCONDE COLEGIO
1145,35005204,143,35005204,KENNEDY PRESIDENTE
1146,35003888,144,35003888,MARTIM FRANCISCO
1147,35100473,144,35100473,SANTA TERESINHA COLEGIO SALESIANO
1148,35000929,144,35000929,ANTONIO VIEIRA PADRE
1149,35388117,144,35388117,SAO LUIS COLEGIO UNIDADE II
1150,35000486,146,35000486,ALBERT EINSTEIN ETE
1151,35000280,146,35000280,HUMBERTO DE SOUZA MELLO GENERAL
1152,35438424,146,35438424,JARDIM ANGELA ESCOLA TECNICA ESTADUAL
1153,35000848,147,35000848,JOAQUIM LEME DO PRADO PROFESSOR
1154,35103548,147,35103548,SAO LUIS COLEGIO EIFM
1155,35005307,148,35005307,PAULINO NUNES ESPOSO
1156,35106884,148,35106884,FECAP COLEGIO
1157,35001624,149,35001624,WOLNY CARVALHO RAMOS PROFESSOR
1158,35006166,149,35006166,FRANCISCO ANTUNES FILHO
1159,35004121,153,35004121,EMYGDIO DE BARROS PROFESSOR
1160,35008758,153,35008758,FRANCISCO EMYGDIO PEREIRA NETO DOUTOR
1161,35923448,154,35923448,LUIZA HIDAKA PROFESSORA
1162,35004145,154,35004145,ALBERTO LEVY PROFESSOR
1163,35002811,155,35002811,SILVA PRADO DEPUTADO
1164,35037448,157,35037448,LAERTE RAMOS DE CARVALHO PROF DR
1165,35001946,157,35001946,JOSE ROCHA MENDES ETE
1166,35901830,157,35901830,ANTONIO PRATICI PREFEITO
1167,35003924,159,35003924,NAPOLEAO DE CARVALHO FREIRE PROFESSOR
1168,35004790,161,35004790,BRASILIO MACHADO
1169,35006063,162,35006063,FREDERICO DE BARROS BROTERO PROFESSOR
1170,35108959,168,35108959,ANCHIETA COLEGIO
1171,35923254,170,35923254,JAIR TOLEDO XAVIER PROFESSOR
1172,35003852,170,35003852,CAETANO DE CAMPOS CONSOLACAO
1173,35035518,171,35035518,BATISTA RENZI
1174,35003608,171,35003608,BASILIDES DE GODOY PROF ETE
1175,35000553,172,35000553,JACOMO STAVALE PROFESSOR
1176,35038453,172,35038453,JOAO PAULO II
1177,35005289,174,35005289,ALBERTO SALOTTI PROF EE
1178,35038167,174,35038167,JOSE MARIA WHITAKER DOUTOR
1179,35002628,176,35002628,APRIGIO GONZAGA PROF ETE
1180,35913832,177,35913832,MARIA APARECIDA FELIX PORTO PROFESSORA
1181,35010716,177,35010716,JOSE MARIA RODRIGUES LEITE PROFESSOR
1182,35003585,182,35003585,MANUEL CIRIDIAO BUARQUE PROFESSOR
1183,35010561,182,35010561,ZACARIAS ANTONIO DA SILVA
1184,35005216,183,35005216,ISALTINO DE MELLO PROFESSOR
1185,35002641,183,35002641,JOSE PEREIRA DE QUEIROZ DR
1186,35446105,183,35446105,OSASCO II ETEC
1187,35107682,183,35107682,UNASP SAO PAULO ADVENTISTA COLEGIO
1188,35006026,184,35006026,ANTONIO DE RE VEREADOR
1189,35910818,187,35910818,SAO PAULO ETE DE
1190,35001971,187,35001971,MOACYR CAMPOS PROFESSOR
1191,35009261,187,35009261,JOAO RAMALHO
1192,35002636,188,35002636,INFANTE DOM HENRIQUE
1193,35132214,190,35132214,OBJETIVO CENTRO INTERESCOLAR UNIDADE PAZ
1194,35007560,191,35007560,THEREZINHA SARTORI PROFESSORA
1195,35001636,192,35001636,CAMARGO ARANHA PROF ETE
1196,35006609,194,35006609,PRESIDENTE VARGAS ETE
1197,35049669,194,35049669,JORGE STREET ETE
1198,35132123,197,35132123,OBJETIVO ABC CENTRO EDUCACIONAL ENSINO MEDIO UNIDADE 104
1199,35006257,197,35006257,HOMERO RUBENS DE SA PROFESSOR
1200,35007729,198,35007729,MAUA VISCONDE DE
1201,35003694,200,35003694,GUARACY SILVEIRA ETE
1202,35142967,202,35142967,TERMOMECANICA COLEGIO
1203,35104620,204,35104620,SANTA CRUZ COLEGIO
1204,35006713,205,35006713,FRANCISCO FERREIRA LOPES
1205,35005824,206,35005824,CRISPINIANO CONSELHEIRO
1206,35002902,207,35002902,CARLOS GOMES
1207,35001880,209,35001880,JOSE CHEDIAK
1208,35103524,210,35103524,DANTE ALIGHIERI COLEGIO
1209,35008285,214,35008285,JULIO DE MESQUITA ETE
1210,35003682,220,35003682,FERNAO DIAS PAES
1211,35107177,221,35107177,ARQUIDIOCESANO DE SAO PAULO COLEGIO MARISTA
1212,35134168,237,35134168,PENTAGONO COLEGIO UNIDADE CENTRO
1213,35038295,238,35038295,JOSE LINS DO REGO
1214,35004479,240,35004479,ALEXANDRE DE GUSMAO
1215,35000954,241,35000954,HORACIO AUGUSTO DA SILVEIRA PROF ETE
1216,35136931,251,35136931,AGOSTINIANO MENDEL COLEGIO
1217,35011095,257,35011095,ANTONIO RAPOSO TAVARES
1218,35008540,257,35008540,AMARAL WAGNER
1219,35002914,261,35002914,DOM PEDRO I
1220,35008266,262,35008266,AMERICO BRASILIENSE DOUTOR
1221,35001703,269,35001703,MARIO MARQUES DE OLIVEIRA PROFESSOR
1222,35051147,275,35051147,ALCINA DANTAS FEIJAO PROFA ESCOLA MUNICIPAL DE ENSINO
1223,35103433,279,35103433,OBJETIVO CENTRO INTERESCOLAR UNIDADE PAULISTA
1224,35009751,280,35009751,TOUFIC JOULIAN
1225,35135148,285,35135148,SINGULAR COLEGIO
1226,35002422,295,35002422,GABRIEL ORTIZ PROFESSOR
1227,35002252,297,35002252,ASCENDINO REIS PROFESSOR
1228,35002513,302,35002513,NOSSA SENHORA DA PENHA
1229,35417865,313,35417865,MARIA SYLVIA CHALUPPE MELLO PROFA ITB
1230,35004704,322,35004704,CARLOS AUGUSTO DE FREITAS VILLALVA JUNIOR DOUTOR
1231,35046012,349,35046012,LAURO GOMES ETE
1232,35002264,352,35002264,OSWALDO CATALANO
1233,35005368,370,35005368,JOSE VIEIRA DE MORAES PROF
1234,35324462,376,35324462,MUNIR JOSE PROFESSOR INSTITUTO TECNICO DE BARUERI
1235,35004832,391,35004832,RUI BLOEM
1236,35005010,391,35005010,LEOPOLDO SANTANA PROFESSOR
1237,35005162,392,35005162,ALBERTO CONTE PROFESSOR
1238,35004352,408,35004352,GETULIO VARGAS ETE
1239,35007493,426,35007493,FILINTO MULLER SENADOR
1240,35104985,430,35104985,BANDEIRANTES COLEGIO EFM
1241,35134806,488,35134806,ETAPA COLEGIO DE EFM
1242,35323724,574,35323724,BRASILIO FLORES DE AZEVEDO
